{"payload":{"installed_packages":["-rotobuf==3.19.6","absl-py==1.4.0","anyio==4.1.0","apache-beam==2.46.0","argon2-cffi-bindings==21.2.0","argon2-cffi==23.1.0","array-record==0.4.1","arrow==1.3.0","asttokens==2.4.1","astunparse==1.6.3","async-lru==2.0.4","attrs==23.1.0","avro-python3==1.10.2","babel==2.13.1","backcall==0.2.0","beautifulsoup4==4.12.2","bleach==6.1.0","boto3==1.34.26","botocore==1.34.26","cachetools==5.3.2","certifi==2023.7.22","cffi==1.16.0","chardet==4.0.0","charset-normalizer==3.3.2","click==8.1.7","cloudpickle==2.2.1","colorama==0.4.6","comet-ml==3.37.1","comm==0.1.3","configobj==5.0.8","contextlib2==21.6.0","contourpy==1.2.0","crcmod==1.7","cycler==0.10.0","cython==3.0.8","debugpy==1.6.7","decorator==5.1.1","defusedxml==0.7.1","dill==0.3.1.1","dm-tree==0.1.8","docopt==0.6.2","dulwich==0.21.7","easyocr==1.7.1","et-xmlfile==1.1.0","etils==1.6.0","everett==3.1.0","exceptiongroup==1.2.0","executing==1.2.0","fastavro==1.9.3","fasteners==0.19","fastjsonschema==2.19.0","filelock==3.13.1","fire==0.5.0","flatbuffers==23.5.26","fonttools==4.45.1","fqdn==1.5.1","fsspec==2023.10.0","gast==0.4.0","gin-config==0.5.0","gitdb==4.0.11","gitpython==3.1.41","google-api-core==2.16.2","google-api-python-client==2.116.0","google-auth-httplib2==0.2.0","google-auth-oauthlib==0.4.6","google-auth==2.23.4","google-pasta==0.2.0","googleapis-common-protos==1.62.0","grpcio==1.59.3","h11==0.14.0","h5py==3.10.0","hdfs==2.7.3","httpcore==1.0.2","httplib2==0.21.0","httpx==0.25.2","huggingface-hub==0.20.3","idna==2.10","imageio==2.33.0","immutabledict==4.1.0","importlib-resources==6.1.1","imutils==0.5.4","ipykernel==6.23.1","ipython==8.13.2","ipywidgets==8.1.1","isoduration==20.11.0","jedi==0.18.2","jinja2==3.1.2","jmespath==1.0.1","joblib==1.3.2","json5==0.9.14","jsonpointer==2.4","jsonschema-specifications==2023.11.1","jsonschema==4.20.0","jupyter-client==8.2.0","jupyter-console==6.6.3","jupyter-core==5.3.0","jupyter-events==0.9.0","jupyter-lsp==2.2.1","jupyter-server-terminals==0.4.4","jupyter-server==2.11.1","jupyter==1.0.0","jupyterlab-pygments==0.3.0","jupyterlab-server==2.25.2","jupyterlab-widgets==3.0.9","jupyterlab==4.0.9","kaggle==1.6.4","keras-preprocessing==1.1.2","keras==2.10.0","kiwisolver==1.4.5","lazy-loader==0.3","libclang==16.0.6","lvis==0.5.3","lxml==5.1.0","markdown-it-py==3.0.0","markdown==3.5.1","markupsafe==2.1.3","matplotlib-inline==0.1.6","matplotlib==3.8.2","mdurl==0.1.2","mistune==3.0.2","ml-dtypes==0.2.0","mpmath==1.3.0","nbclient==0.9.0","nbconvert==7.11.0","nbformat==5.9.2","nest-asyncio==1.5.6","networkx==3.2.1","ninja==1.11.1.1","notebook-shim==0.2.3","notebook==7.0.6","numpy==1.24.4","oauth2client==4.1.3","oauthlib==3.2.2","object-detection==0.1","objsize==0.6.1","opencv-python-headless==4.8.0.74","opencv-python==4.9.0.80","openpyxl==3.1.2","opt-einsum==3.3.0","orjson==3.9.13","outcome==1.3.0.post0","overrides==7.4.0","packaging==23.1","pandas==2.2.0","pandocfilters==1.5.0","parso==0.8.3","pickleshare==0.7.5","pillow==10.2.0","pip==21.2.3","platformdirs==3.5.1","portalocker==2.8.2","prometheus-client==0.19.0","promise==2.3","prompt-toolkit==3.0.38","proto-plus==1.23.0","protobuf==3.20.0","psutil==5.9.8","pure-eval==0.2.2","py-cpuinfo==9.0.0","pyarrow==9.0.0","pyasn1-modules==0.3.0","pyasn1==0.5.1","pybboxes==0.1.6","pyclipper==1.3.0.post5","pycocotools==2.0.7","pycparser==2.21","pydot==1.4.2","pygments==2.15.1","pymongo==3.13.0","pyparsing==2.4.7","pysocks==1.7.1","pytesseract==0.3.10","python-bidi==0.4.2","python-box==6.1.0","python-dateutil==2.8.2","python-dotenv==1.0.1","python-json-logger==2.0.7","python-magic==0.4.27","python-slugify==8.0.3","python-telegram-bot==20.7","python-version==0.0.2","pytz==2023.3.post1","pywin32==306","pywinpty==2.0.12","pyyaml==5.3.1","pyzmq==25.0.2","qtconsole==5.5.1","qtpy==2.4.1","referencing==0.31.0","regex==2023.12.25","requests-oauthlib==1.3.1","requests-toolbelt==1.0.0","requests==2.31.0","rfc3339-validator==0.1.4","rfc3986-validator==0.1.1","rich==13.7.0","roboflow==1.1.17","rpds-py==0.13.1","rsa==4.9","s3transfer==0.10.0","sacrebleu==2.2.0","sahi==0.11.15","scikit-image==0.22.0","scikit-learn==1.3.2","scipy==1.12.0","seaborn==0.13.1","selenium==4.16.0","semantic-version==2.10.0","send2trash==1.8.2","sentencepiece==0.1.99","sentry-sdk==1.40.1","seqeval==1.2.2","setuptools==69.0.3","shapely==2.0.2","simplejson==3.19.2","six==1.16.0","smmap==5.0.1","sniffio==1.3.0","sortedcontainers==2.4.0","soupsieve==2.5","stack-data==0.6.2","supervision==0.17.1","sympy==1.12","tabulate==0.9.0","tensorboard-data-server==0.6.1","tensorboard-plugin-wit==1.8.1","tensorboard==2.10.1","tensorflow-addons==0.22.0","tensorflow-datasets==4.9.0","tensorflow-estimator==2.10.0","tensorflow-gpu==2.10.0","tensorflow-hub==0.16.0","tensorflow-intel==2.15.0","tensorflow-io-gcs-filesystem==0.31.0","tensorflow-io==0.31.0","tensorflow-metadata==1.13.0","tensorflow-model-optimization==0.7.5","tensorflow-text==2.10.0","tensorflow==2.10.0","termcolor==2.3.0","terminado==0.18.0","terminaltables==3.1.10","text-unidecode==1.3","tf-models-official==2.10.1","tf-slim==1.1.0","thop==0.1.1.post2209072238","threadpoolctl==3.2.0","tifffile==2023.9.26","tinycss2==1.2.1","toml==0.10.2","tomli==2.0.1","torch==2.1.2","torchaudio==2.1.2","torchvision==0.16.2","tornado==6.3.2","tqdm==4.66.1","traitlets==5.9.0","trio-websocket==0.11.1","trio==0.23.2","typeguard==2.13.3","types-python-dateutil==2.8.19.14","typing-extensions==4.8.0","tzdata==2023.3","ultralytics==8.1.5","uri-template==1.3.0","uritemplate==4.1.1","urllib3==2.0.7","wcwidth==0.2.6","webcolors==1.13","webencodings==0.5.1","websocket-client==1.3.3","werkzeug==3.0.1","wheel==0.41.3","widgetsnbextension==4.0.9","wrapt==1.14.1","wsproto==1.2.0","wurlitzer==3.0.3","xlsxwriter==3.1.9","yolov5==7.0.13","zipp==3.17.0","zstandard==0.22.0"],"local_timestamp":1707282030822,"message_id":1},"type":"ws_msg"}
{"payload":{"env_details":{"command":["train.py","--img","256","--batch","16","--epochs","50","--data","dataset_torch/data.yaml","--weights","yolov5s.pt","--cache"],"env":null,"hostname":"LAPTOP-55GDROKN","ip":"192.168.1.3","machine":"AMD64","os":"Windows-10-10.0.22621-SP0","os_release":"10","os_type":"Windows","pid":12864,"processor":"Intel64 Family 6 Model 154 Stepping 3, GenuineIntel","python_exe":"c:\\Users\\Faturrahman\\AppData\\Local\\Programs\\Python\\Python310\\python.exe","python_version":"3.10.0","python_version_verbose":"3.10.0 (tags/v3.10.0:b494f59, Oct  4 2021, 19:00:18) [MSC v.1929 64 bit (AMD64)]","user":"Faturrahman"},"local_timestamp":1707282031396,"message_id":2},"type":"ws_msg"}
{"payload":{"gpu_static_info":[{"gpu_index":0,"name":"NVIDIA GeForce RTX 3050 Laptop GPU","power_limit":65000,"total_memory":4294967296,"uuid":"GPU-20aa340d-9d02-4496-ec6d-f6b771f1c4cc"}],"local_timestamp":1707282031459,"message_id":3},"type":"ws_msg"}
{"payload":{"local_timestamp":1707282031459,"message_id":4,"metric":{"epoch":null,"metricName":"sys.gpu.0.total_memory","metricValue":4294967296,"step":null}},"type":"metric_msg"}
{"payload":{"local_timestamp":1707282031465,"message_id":5,"param":{"paramName":"img","paramValue":256,"source":"cli","step":null}},"type":"parameter_msg"}
{"payload":{"local_timestamp":1707282031465,"message_id":6,"param":{"paramName":"batch","paramValue":16,"source":"cli","step":null}},"type":"parameter_msg"}
{"payload":{"local_timestamp":1707282031465,"message_id":7,"param":{"paramName":"epochs","paramValue":50,"source":"cli","step":null}},"type":"parameter_msg"}
{"payload":{"local_timestamp":1707282031465,"message_id":8,"param":{"paramName":"data","paramValue":"dataset_torch/data.yaml","source":"cli","step":null}},"type":"parameter_msg"}
{"payload":{"local_timestamp":1707282031465,"message_id":9,"param":{"paramName":"weights","paramValue":"yolov5s.pt","source":"cli","step":null}},"type":"parameter_msg"}
{"payload":{"local_timestamp":1707282031465,"message_id":10,"param":{"paramName":"cache","paramValue":true,"source":"cli","step":null}},"type":"parameter_msg"}
{"payload":{"local_timestamp":1707282031468,"log_other":{"key":"offline_experiment","val":true},"message_id":11},"type":"ws_msg"}
{"payload":{"local_timestamp":1707282031468,"log_other":{"key":"Name","val":"exp"},"message_id":12},"type":"ws_msg"}
{"payload":{"local_timestamp":1707282031479,"message_id":13,"metric":{"epoch":null,"metricName":"sys.gpu.0.gpu_utilization","metricValue":31,"step":null}},"type":"metric_msg"}
{"payload":{"local_timestamp":1707282031479,"message_id":14,"metric":{"epoch":null,"metricName":"sys.gpu.0.power_usage","metricValue":4775,"step":null}},"type":"metric_msg"}
{"payload":{"local_timestamp":1707282031479,"message_id":15,"metric":{"epoch":null,"metricName":"sys.gpu.0.temperature","metricValue":56,"step":null}},"type":"metric_msg"}
{"payload":{"local_timestamp":1707282031479,"message_id":16,"metric":{"epoch":null,"metricName":"sys.gpu.0.memory_utilization","metricValue":12,"step":null}},"type":"metric_msg"}
{"payload":{"local_timestamp":1707282031479,"message_id":17,"metric":{"epoch":null,"metricName":"sys.gpu.0.free_memory","metricValue":3659513856,"step":null}},"type":"metric_msg"}
{"payload":{"local_timestamp":1707282031479,"message_id":18,"metric":{"epoch":null,"metricName":"sys.gpu.0.used_memory","metricValue":635453440,"step":null}},"type":"metric_msg"}
{"payload":{"local_timestamp":1707282031479,"message_id":19,"metric":{"epoch":null,"metricName":"sys.gpu.0.percent.used_memory","metricValue":14.795303344726562,"step":null}},"type":"metric_msg"}
{"payload":{"additional_params":{"assetId":"6fd6baab3ca9412994fe6149e04df5da","context":null,"extension":"yaml","fileName":"data.yaml","overwrite":false,"runId":null,"step":null},"clean":true,"file_path":"tmptxiy74zz","local_timestamp":1707282031480,"message_id":20,"metadata":{"type":"data-config-file"},"upload_type":"asset"},"type":"file_upload"}
{"payload":{"local_timestamp":1707282031497,"message_id":21,"stderr":true,"stdout":"\nDataset not found , missing paths ['C:\\\\Users\\\\Faturrahman\\\\Downloads\\\\Bahan_Skripsi\\\\yolov5\\\\valid\\\\images']\n"},"type":"ws_msg"}
{"payload":{"local_timestamp":1707282031498,"message_id":22,"stderr":true,"stdout":"Traceback (most recent call last):\n"},"type":"ws_msg"}
{"payload":{"local_timestamp":1707282031498,"message_id":23,"stderr":true,"stdout":"  File \"c:\\Users\\Faturrahman\\Downloads\\Bahan_Skripsi\\yolov5\\train.py\", line 836, in <module>\n"},"type":"ws_msg"}
{"payload":{"local_timestamp":1707282031500,"message_id":24,"stderr":true,"stdout":"    "},"type":"ws_msg"}
{"payload":{"local_timestamp":1707282031500,"message_id":25,"stderr":true,"stdout":"main(opt)"},"type":"ws_msg"}
{"payload":{"local_timestamp":1707282031500,"message_id":26,"stderr":true,"stdout":"\n"},"type":"ws_msg"}
{"payload":{"local_timestamp":1707282031500,"message_id":27,"stderr":true,"stdout":"  File \"c:\\Users\\Faturrahman\\Downloads\\Bahan_Skripsi\\yolov5\\train.py\", line 616, in main\n"},"type":"ws_msg"}
{"payload":{"local_timestamp":1707282031503,"message_id":28,"stderr":true,"stdout":"    "},"type":"ws_msg"}
{"payload":{"local_timestamp":1707282031503,"message_id":29,"stderr":true,"stdout":"train(opt.hyp, opt, device, callbacks)"},"type":"ws_msg"}
{"payload":{"local_timestamp":1707282031503,"message_id":30,"stderr":true,"stdout":"\n"},"type":"ws_msg"}
{"payload":{"local_timestamp":1707282031503,"message_id":31,"stderr":true,"stdout":"  File \"c:\\Users\\Faturrahman\\Downloads\\Bahan_Skripsi\\yolov5\\train.py\", line 147, in train\n"},"type":"ws_msg"}
{"payload":{"local_timestamp":1707282031504,"message_id":32,"stderr":true,"stdout":"    "},"type":"ws_msg"}
{"payload":{"local_timestamp":1707282031504,"message_id":33,"stderr":true,"stdout":"loggers = Loggers("},"type":"ws_msg"}
{"payload":{"local_timestamp":1707282031505,"message_id":34,"stderr":true,"stdout":"\n"},"type":"ws_msg"}
{"payload":{"local_timestamp":1707282031505,"message_id":35,"stderr":true,"stdout":"  File \"c:\\Users\\Faturrahman\\Downloads\\Bahan_Skripsi\\yolov5\\utils\\loggers\\__init__.py\", line 146, in __init__\n"},"type":"ws_msg"}
{"payload":{"local_timestamp":1707282031506,"message_id":36,"stderr":true,"stdout":"    "},"type":"ws_msg"}
{"payload":{"local_timestamp":1707282031506,"message_id":37,"stderr":true,"stdout":"self.comet_logger = CometLogger(self.opt, self.hyp)"},"type":"ws_msg"}
{"payload":{"local_timestamp":1707282031506,"message_id":38,"stderr":true,"stdout":"\n"},"type":"ws_msg"}
{"payload":{"local_timestamp":1707282031506,"message_id":39,"stderr":true,"stdout":"  File \"c:\\Users\\Faturrahman\\Downloads\\Bahan_Skripsi\\yolov5\\utils\\loggers\\comet\\__init__.py\", line 97, in __init__\n"},"type":"ws_msg"}
{"payload":{"local_timestamp":1707282031508,"message_id":40,"stderr":true,"stdout":"    "},"type":"ws_msg"}
{"payload":{"local_timestamp":1707282031508,"message_id":41,"stderr":true,"stdout":"self.data_dict = self.check_dataset(self.opt.data)"},"type":"ws_msg"}
{"payload":{"local_timestamp":1707282031508,"message_id":42,"stderr":true,"stdout":"\n"},"type":"ws_msg"}
{"payload":{"local_timestamp":1707282031508,"message_id":43,"stderr":true,"stdout":"  File \"c:\\Users\\Faturrahman\\Downloads\\Bahan_Skripsi\\yolov5\\utils\\loggers\\comet\\__init__.py\", line 247, in check_dataset\n"},"type":"ws_msg"}
{"payload":{"local_timestamp":1707282031508,"message_id":44,"stderr":true,"stdout":"    "},"type":"ws_msg"}
{"payload":{"local_timestamp":1707282031508,"message_id":45,"stderr":true,"stdout":"return check_dataset(data_file)"},"type":"ws_msg"}
{"payload":{"local_timestamp":1707282031510,"message_id":46,"stderr":true,"stdout":"\n"},"type":"ws_msg"}
{"payload":{"local_timestamp":1707282031510,"message_id":47,"stderr":true,"stdout":"  File \"c:\\Users\\Faturrahman\\Downloads\\Bahan_Skripsi\\yolov5\\utils\\general.py\", line 534, in check_dataset\n"},"type":"ws_msg"}
{"payload":{"local_timestamp":1707282031510,"message_id":48,"stderr":true,"stdout":"    "},"type":"ws_msg"}
{"payload":{"local_timestamp":1707282031510,"message_id":49,"stderr":true,"stdout":"raise Exception(\"Dataset not found \u274c\")"},"type":"ws_msg"}
{"payload":{"local_timestamp":1707282031510,"message_id":50,"stderr":true,"stdout":"\n"},"type":"ws_msg"}
{"payload":{"local_timestamp":1707282031510,"message_id":51,"stderr":true,"stdout":"Exception"},"type":"ws_msg"}
{"payload":{"local_timestamp":1707282031510,"message_id":52,"stderr":true,"stdout":": "},"type":"ws_msg"}
{"payload":{"local_timestamp":1707282031510,"message_id":53,"stderr":true,"stdout":"Dataset not found \u274c"},"type":"ws_msg"}
{"payload":{"local_timestamp":1707282031510,"message_id":54,"stderr":true,"stdout":"\n"},"type":"ws_msg"}
{"payload":{"local_timestamp":1707282032192,"message_id":55,"metric":{"epoch":null,"metricName":"sys.cpu.percent.avg","metricValue":0.0,"step":null}},"type":"metric_msg"}
{"payload":{"local_timestamp":1707282032192,"message_id":56,"metric":{"epoch":null,"metricName":"sys.ram.total","metricValue":16831733760,"step":null}},"type":"metric_msg"}
{"payload":{"local_timestamp":1707282032192,"message_id":57,"metric":{"epoch":null,"metricName":"sys.ram.used","metricValue":15820070912,"step":null}},"type":"metric_msg"}
{"payload":{"local_timestamp":1707282032192,"message_id":58,"metric":{"epoch":null,"metricName":"sys.ram.available","metricValue":1011662848,"step":null}},"type":"metric_msg"}
{"payload":{"local_timestamp":1707282032192,"message_id":59,"metric":{"epoch":null,"metricName":"sys.ram.percent.used","metricValue":94.0,"step":null}},"type":"metric_msg"}
{"payload":{"local_timestamp":1707282032192,"message_id":60,"metric":{"epoch":null,"metricName":"sys.load.avg","metricValue":0.0,"step":null}},"type":"metric_msg"}
{"payload":{"git_meta":{"branch":"refs/heads/master","origin":"https://github.com/ultralytics/yolov5.git","parent":"050c72cbba9ca24dcff103fca54caf21d7e8b527","repo_name":"yolov5","root":"1e84a23f38fad9e52b59101e9f1246d93066ed1e","status":null,"user":"faturrahmanalharitszoe"},"local_timestamp":1707282032751,"message_id":61},"type":"ws_msg"}
{"payload":{"local_timestamp":1707282032753,"message_id":62,"stderr":true,"stdout":"COMET INFO: ---------------------------------------------------------------------------------------\n"},"type":"ws_msg"}
{"payload":{"local_timestamp":1707282032753,"message_id":63,"stderr":true,"stdout":"COMET INFO: Comet.ml OfflineExperiment Summary\n"},"type":"ws_msg"}
{"payload":{"local_timestamp":1707282032753,"message_id":64,"stderr":true,"stdout":"COMET INFO: ---------------------------------------------------------------------------------------\n"},"type":"ws_msg"}
{"payload":{"local_timestamp":1707282032753,"message_id":65,"stderr":true,"stdout":"COMET INFO:   Data:\n"},"type":"ws_msg"}
{"payload":{"local_timestamp":1707282032753,"message_id":66,"stderr":true,"stdout":"COMET INFO:     display_summary_level : 1\n"},"type":"ws_msg"}
{"payload":{"local_timestamp":1707282032755,"message_id":67,"stderr":true,"stdout":"COMET INFO:     url                   : [OfflineExperiment will get URL after upload]\n"},"type":"ws_msg"}
{"payload":{"local_timestamp":1707282032755,"message_id":68,"stderr":true,"stdout":"COMET INFO:   Others:\n"},"type":"ws_msg"}
{"payload":{"local_timestamp":1707282032755,"message_id":69,"stderr":true,"stdout":"COMET INFO:     Name               : exp\n"},"type":"ws_msg"}
{"payload":{"local_timestamp":1707282032755,"message_id":70,"stderr":true,"stdout":"COMET INFO:     offline_experiment : True\n"},"type":"ws_msg"}
{"payload":{"local_timestamp":1707282032755,"message_id":71,"stderr":true,"stdout":"COMET INFO:   Uploads:\n"},"type":"ws_msg"}
{"payload":{"local_timestamp":1707282032756,"message_id":72,"stderr":true,"stdout":"COMET INFO:     asset               : 1 (402 bytes)\n"},"type":"ws_msg"}
{"payload":{"local_timestamp":1707282032756,"message_id":73,"stderr":true,"stdout":"COMET INFO:     environment details : 1\n"},"type":"ws_msg"}
{"payload":{"local_timestamp":1707282032756,"message_id":74,"stderr":true,"stdout":"COMET INFO:     git metadata        : 1\n"},"type":"ws_msg"}
{"payload":{"local_timestamp":1707282032756,"message_id":75,"stderr":true,"stdout":"COMET INFO:     installed packages  : 1\n"},"type":"ws_msg"}
{"payload":{"local_timestamp":1707282032756,"message_id":76,"stderr":true,"stdout":"COMET INFO: \n"},"type":"ws_msg"}
