{"offline_id": "22e7f00f86e2434da0d284c1d6c93416", "project_name": "yolov5", "start_time": 1707300566541, "stop_time": 1707300571234, "tags": [], "workspace": null, "resume_strategy": "create", "customer_error_reported": true, "customer_error_message": "Unexpected error detected in the user script: error(\"OpenCV(4.9.0) D:\\\\a\\\\opencv-python\\\\opencv-python\\\\opencv\\\\modules\\\\core\\\\src\\\\alloc.cpp:73: error: (-4:Insufficient memory) Failed to allocate 1555200 bytes in function 'cv::OutOfMemoryError'\\n\")"}