{"payload":{"installed_packages":["-rotobuf==3.19.6","absl-py==1.4.0","anyio==4.1.0","apache-beam==2.46.0","argon2-cffi-bindings==21.2.0","argon2-cffi==23.1.0","array-record==0.4.1","arrow==1.3.0","asttokens==2.4.1","astunparse==1.6.3","async-lru==2.0.4","attrs==23.1.0","avro-python3==1.10.2","babel==2.13.1","backcall==0.2.0","beautifulsoup4==4.12.2","bleach==6.1.0","boto3==1.34.26","botocore==1.34.26","cachetools==5.3.2","certifi==2023.7.22","cffi==1.16.0","chardet==4.0.0","charset-normalizer==3.3.2","click==8.1.7","cloudpickle==2.2.1","colorama==0.4.6","comet-ml==3.37.1","comm==0.1.3","configobj==5.0.8","contextlib2==21.6.0","contourpy==1.2.0","crcmod==1.7","cycler==0.10.0","cython==3.0.8","debugpy==1.6.7","decorator==5.1.1","defusedxml==0.7.1","dill==0.3.1.1","dm-tree==0.1.8","docopt==0.6.2","dulwich==0.21.7","easyocr==1.7.1","et-xmlfile==1.1.0","etils==1.6.0","everett==3.1.0","exceptiongroup==1.2.0","executing==1.2.0","fastavro==1.9.3","fasteners==0.19","fastjsonschema==2.19.0","filelock==3.13.1","fire==0.5.0","flatbuffers==23.5.26","fonttools==4.45.1","fqdn==1.5.1","fsspec==2023.10.0","gast==0.4.0","gin-config==0.5.0","gitdb==4.0.11","gitpython==3.1.41","google-api-core==2.16.2","google-api-python-client==2.116.0","google-auth-httplib2==0.2.0","google-auth-oauthlib==0.4.6","google-auth==2.23.4","google-pasta==0.2.0","googleapis-common-protos==1.62.0","grpcio==1.59.3","h11==0.14.0","h5py==3.10.0","hdfs==2.7.3","httpcore==1.0.2","httplib2==0.21.0","httpx==0.25.2","huggingface-hub==0.20.3","idna==2.10","imageio==2.33.0","immutabledict==4.1.0","importlib-resources==6.1.1","imutils==0.5.4","ipykernel==6.23.1","ipython==8.13.2","ipywidgets==8.1.1","isoduration==20.11.0","jedi==0.18.2","jinja2==3.1.2","jmespath==1.0.1","joblib==1.3.2","json5==0.9.14","jsonpointer==2.4","jsonschema-specifications==2023.11.1","jsonschema==4.20.0","jupyter-client==8.2.0","jupyter-console==6.6.3","jupyter-core==5.3.0","jupyter-events==0.9.0","jupyter-lsp==2.2.1","jupyter-server-terminals==0.4.4","jupyter-server==2.11.1","jupyter==1.0.0","jupyterlab-pygments==0.3.0","jupyterlab-server==2.25.2","jupyterlab-widgets==3.0.9","jupyterlab==4.0.9","kaggle==1.6.4","keras-preprocessing==1.1.2","keras==2.10.0","kiwisolver==1.4.5","lazy-loader==0.3","libclang==16.0.6","lvis==0.5.3","lxml==5.1.0","markdown-it-py==3.0.0","markdown==3.5.1","markupsafe==2.1.3","matplotlib-inline==0.1.6","matplotlib==3.8.2","mdurl==0.1.2","mistune==3.0.2","ml-dtypes==0.2.0","mpmath==1.3.0","nbclient==0.9.0","nbconvert==7.11.0","nbformat==5.9.2","nest-asyncio==1.5.6","networkx==3.2.1","ninja==1.11.1.1","notebook-shim==0.2.3","notebook==7.0.6","numpy==1.24.4","oauth2client==4.1.3","oauthlib==3.2.2","object-detection==0.1","objsize==0.6.1","opencv-python-headless==4.8.0.74","opencv-python==4.9.0.80","openpyxl==3.1.2","opt-einsum==3.3.0","orjson==3.9.13","outcome==1.3.0.post0","overrides==7.4.0","packaging==23.1","pandas==2.2.0","pandocfilters==1.5.0","parso==0.8.3","pickleshare==0.7.5","pillow==10.2.0","pip==21.2.3","platformdirs==3.5.1","portalocker==2.8.2","prometheus-client==0.19.0","promise==2.3","prompt-toolkit==3.0.38","proto-plus==1.23.0","protobuf==3.20.0","psutil==5.9.8","pure-eval==0.2.2","py-cpuinfo==9.0.0","pyarrow==9.0.0","pyasn1-modules==0.3.0","pyasn1==0.5.1","pybboxes==0.1.6","pyclipper==1.3.0.post5","pycocotools==2.0.7","pycparser==2.21","pydot==1.4.2","pygments==2.15.1","pymongo==3.13.0","pyparsing==2.4.7","pysocks==1.7.1","pytesseract==0.3.10","python-bidi==0.4.2","python-box==6.1.0","python-dateutil==2.8.2","python-dotenv==1.0.1","python-json-logger==2.0.7","python-magic==0.4.27","python-slugify==8.0.3","python-telegram-bot==20.7","python-version==0.0.2","pytz==2023.3.post1","pywin32==306","pywinpty==2.0.12","pyyaml==5.3.1","pyzmq==25.0.2","qtconsole==5.5.1","qtpy==2.4.1","referencing==0.31.0","regex==2023.12.25","requests-oauthlib==1.3.1","requests-toolbelt==1.0.0","requests==2.31.0","rfc3339-validator==0.1.4","rfc3986-validator==0.1.1","rich==13.7.0","roboflow==1.1.17","rpds-py==0.13.1","rsa==4.9","s3transfer==0.10.0","sacrebleu==2.2.0","sahi==0.11.15","scikit-image==0.22.0","scikit-learn==1.3.2","scipy==1.12.0","seaborn==0.13.1","selenium==4.16.0","semantic-version==2.10.0","send2trash==1.8.2","sentencepiece==0.1.99","sentry-sdk==1.40.1","seqeval==1.2.2","setuptools==69.0.3","shapely==2.0.2","simplejson==3.19.2","six==1.16.0","smmap==5.0.1","sniffio==1.3.0","sortedcontainers==2.4.0","soupsieve==2.5","stack-data==0.6.2","supervision==0.17.1","sympy==1.12","tabulate==0.9.0","tensorboard-data-server==0.6.1","tensorboard-plugin-wit==1.8.1","tensorboard==2.10.1","tensorflow-addons==0.22.0","tensorflow-datasets==4.9.0","tensorflow-estimator==2.10.0","tensorflow-gpu==2.10.0","tensorflow-hub==0.16.0","tensorflow-intel==2.15.0","tensorflow-io-gcs-filesystem==0.31.0","tensorflow-io==0.31.0","tensorflow-metadata==1.13.0","tensorflow-model-optimization==0.7.5","tensorflow-text==2.10.0","tensorflow==2.10.0","termcolor==2.3.0","terminado==0.18.0","terminaltables==3.1.10","text-unidecode==1.3","tf-models-official==2.10.1","tf-slim==1.1.0","thop==0.1.1.post2209072238","threadpoolctl==3.2.0","tifffile==2023.9.26","tinycss2==1.2.1","toml==0.10.2","tomli==2.0.1","torch==1.12.1+cu113","torchaudio==0.12.1+cu113","torchvision==0.13.1+cu113","tornado==6.3.2","tqdm==4.66.1","traitlets==5.9.0","trio-websocket==0.11.1","trio==0.23.2","typeguard==2.13.3","types-python-dateutil==2.8.19.14","typing-extensions==4.8.0","tzdata==2023.3","ultralytics==8.1.5","uri-template==1.3.0","uritemplate==4.1.1","urllib3==2.0.7","wcwidth==0.2.6","webcolors==1.13","webencodings==0.5.1","websocket-client==1.3.3","werkzeug==3.0.1","wheel==0.41.3","widgetsnbextension==4.0.9","wrapt==1.14.1","wsproto==1.2.0","wurlitzer==3.0.3","xlsxwriter==3.1.9","yolov5==7.0.13","zipp==3.17.0","zstandard==0.22.0"],"local_timestamp":1707300219135,"message_id":1},"type":"ws_msg"}
{"payload":{"env_details":{"command":["train.py","--img","640","--batch","16","--epochs","50","--data","dataset_torch/data.yaml","--weights","yolov5s.pt","--cache"],"env":null,"hostname":"LAPTOP-55GDROKN","ip":"192.168.1.3","machine":"AMD64","os":"Windows-10-10.0.22621-SP0","os_release":"10","os_type":"Windows","pid":14748,"processor":"Intel64 Family 6 Model 154 Stepping 3, GenuineIntel","python_exe":"c:\\Users\\Faturrahman\\AppData\\Local\\Programs\\Python\\Python310\\python.exe","python_version":"3.10.0","python_version_verbose":"3.10.0 (tags/v3.10.0:b494f59, Oct  4 2021, 19:00:18) [MSC v.1929 64 bit (AMD64)]","user":"Faturrahman"},"local_timestamp":1707300219567,"message_id":2},"type":"ws_msg"}
{"payload":{"gpu_static_info":[{"gpu_index":0,"name":"NVIDIA GeForce RTX 3050 Laptop GPU","power_limit":75000,"total_memory":4294967296,"uuid":"GPU-20aa340d-9d02-4496-ec6d-f6b771f1c4cc"}],"local_timestamp":1707300219592,"message_id":3},"type":"ws_msg"}
{"payload":{"local_timestamp":1707300219592,"message_id":4,"metric":{"epoch":null,"metricName":"sys.gpu.0.total_memory","metricValue":4294967296,"step":null}},"type":"metric_msg"}
{"payload":{"local_timestamp":1707300219593,"message_id":5,"param":{"paramName":"img","paramValue":640,"source":"cli","step":null}},"type":"parameter_msg"}
{"payload":{"local_timestamp":1707300219594,"message_id":6,"param":{"paramName":"batch","paramValue":16,"source":"cli","step":null}},"type":"parameter_msg"}
{"payload":{"local_timestamp":1707300219594,"message_id":7,"param":{"paramName":"epochs","paramValue":50,"source":"cli","step":null}},"type":"parameter_msg"}
{"payload":{"local_timestamp":1707300219594,"message_id":8,"param":{"paramName":"data","paramValue":"dataset_torch/data.yaml","source":"cli","step":null}},"type":"parameter_msg"}
{"payload":{"local_timestamp":1707300219594,"message_id":9,"param":{"paramName":"weights","paramValue":"yolov5s.pt","source":"cli","step":null}},"type":"parameter_msg"}
{"payload":{"local_timestamp":1707300219594,"message_id":10,"param":{"paramName":"cache","paramValue":true,"source":"cli","step":null}},"type":"parameter_msg"}
{"payload":{"local_timestamp":1707300219595,"log_other":{"key":"offline_experiment","val":true},"message_id":11},"type":"ws_msg"}
{"payload":{"local_timestamp":1707300219595,"log_other":{"key":"Name","val":"exp"},"message_id":12},"type":"ws_msg"}
{"payload":{"local_timestamp":1707300219597,"message_id":13,"metric":{"epoch":null,"metricName":"sys.gpu.0.gpu_utilization","metricValue":0,"step":null}},"type":"metric_msg"}
{"payload":{"local_timestamp":1707300219597,"message_id":14,"metric":{"epoch":null,"metricName":"sys.gpu.0.power_usage","metricValue":3561,"step":null}},"type":"metric_msg"}
{"payload":{"local_timestamp":1707300219597,"message_id":15,"metric":{"epoch":null,"metricName":"sys.gpu.0.temperature","metricValue":39,"step":null}},"type":"metric_msg"}
{"payload":{"local_timestamp":1707300219597,"message_id":16,"metric":{"epoch":null,"metricName":"sys.gpu.0.memory_utilization","metricValue":15,"step":null}},"type":"metric_msg"}
{"payload":{"local_timestamp":1707300219597,"message_id":17,"metric":{"epoch":null,"metricName":"sys.gpu.0.free_memory","metricValue":2571550720,"step":null}},"type":"metric_msg"}
{"payload":{"local_timestamp":1707300219597,"message_id":18,"metric":{"epoch":null,"metricName":"sys.gpu.0.used_memory","metricValue":1723416576,"step":null}},"type":"metric_msg"}
{"payload":{"local_timestamp":1707300219597,"message_id":19,"metric":{"epoch":null,"metricName":"sys.gpu.0.percent.used_memory","metricValue":40.12641906738281,"step":null}},"type":"metric_msg"}
{"payload":{"additional_params":{"assetId":"a722253356bf4a9b89eb9496c2cb62ab","context":null,"extension":"yaml","fileName":"data.yaml","overwrite":false,"runId":null,"step":null},"clean":true,"file_path":"tmp6lqu84fs","local_timestamp":1707300219599,"message_id":20,"metadata":{"type":"data-config-file"},"upload_type":"asset"},"type":"file_upload"}
{"payload":{"local_timestamp":1707300219603,"log_other":{"key":"Created from","val":"YOLOv5"},"message_id":21},"type":"ws_msg"}
{"payload":{"local_timestamp":1707300219604,"log_other":{"key":"hasNestedParams","val":true},"message_id":22},"type":"ws_msg"}
{"payload":{"local_timestamp":1707300219604,"message_id":23,"param":{"paramName":"artifact_alias","paramValue":"latest","source":"manual","step":null}},"type":"parameter_msg"}
{"payload":{"local_timestamp":1707300219604,"message_id":24,"param":{"paramName":"batch_size","paramValue":16,"source":"manual","step":null}},"type":"parameter_msg"}
{"payload":{"local_timestamp":1707300219604,"message_id":25,"param":{"paramName":"bbox_interval","paramValue":-1,"source":"manual","step":null}},"type":"parameter_msg"}
{"payload":{"local_timestamp":1707300219604,"message_id":26,"param":{"paramName":"bucket","paramValue":"","source":"manual","step":null}},"type":"parameter_msg"}
{"payload":{"local_timestamp":1707300219604,"message_id":27,"param":{"paramName":"cache","paramValue":"ram","source":"manual","step":null}},"type":"parameter_msg"}
{"payload":{"local_timestamp":1707300219604,"message_id":28,"param":{"paramName":"cfg","paramValue":"","source":"manual","step":null}},"type":"parameter_msg"}
{"payload":{"local_timestamp":1707300219604,"message_id":29,"param":{"paramName":"cos_lr","paramValue":false,"source":"manual","step":null}},"type":"parameter_msg"}
{"payload":{"local_timestamp":1707300219604,"message_id":30,"param":{"paramName":"device","paramValue":"","source":"manual","step":null}},"type":"parameter_msg"}
{"payload":{"local_timestamp":1707300219604,"message_id":31,"param":{"paramName":"entity","paramValue":null,"source":"manual","step":null}},"type":"parameter_msg"}
{"payload":{"local_timestamp":1707300219604,"message_id":32,"param":{"paramName":"evolve","paramValue":null,"source":"manual","step":null}},"type":"parameter_msg"}
{"payload":{"local_timestamp":1707300219604,"message_id":33,"param":{"paramName":"evolve_population","paramValue":"data\\hyps","source":"manual","step":null}},"type":"parameter_msg"}
{"payload":{"local_timestamp":1707300219604,"message_id":34,"param":{"paramName":"exist_ok","paramValue":false,"source":"manual","step":null}},"type":"parameter_msg"}
{"payload":{"local_timestamp":1707300219604,"message_id":35,"params":{"paramName":"freeze","paramValue":[0],"source":"manual","step":null}},"type":"parameter_msg"}
{"payload":{"local_timestamp":1707300219604,"message_id":36,"param":{"paramName":"hyp|anchor_t","paramValue":4.0,"source":"manual","step":null}},"type":"parameter_msg"}
{"payload":{"local_timestamp":1707300219604,"message_id":37,"param":{"paramName":"hyp|box","paramValue":0.05,"source":"manual","step":null}},"type":"parameter_msg"}
{"payload":{"local_timestamp":1707300219604,"message_id":38,"param":{"paramName":"hyp|cls","paramValue":0.5,"source":"manual","step":null}},"type":"parameter_msg"}
{"payload":{"local_timestamp":1707300219604,"message_id":39,"param":{"paramName":"hyp|cls_pw","paramValue":1.0,"source":"manual","step":null}},"type":"parameter_msg"}
{"payload":{"local_timestamp":1707300219604,"message_id":40,"param":{"paramName":"hyp|copy_paste","paramValue":0.0,"source":"manual","step":null}},"type":"parameter_msg"}
{"payload":{"local_timestamp":1707300219604,"message_id":41,"param":{"paramName":"hyp|degrees","paramValue":0.0,"source":"manual","step":null}},"type":"parameter_msg"}
{"payload":{"local_timestamp":1707300219604,"message_id":42,"param":{"paramName":"hyp|fl_gamma","paramValue":0.0,"source":"manual","step":null}},"type":"parameter_msg"}
{"payload":{"local_timestamp":1707300219604,"message_id":43,"param":{"paramName":"hyp|fliplr","paramValue":0.5,"source":"manual","step":null}},"type":"parameter_msg"}
{"payload":{"local_timestamp":1707300219604,"message_id":44,"param":{"paramName":"hyp|flipud","paramValue":0.0,"source":"manual","step":null}},"type":"parameter_msg"}
{"payload":{"local_timestamp":1707300219604,"message_id":45,"param":{"paramName":"hyp|hsv_h","paramValue":0.015,"source":"manual","step":null}},"type":"parameter_msg"}
{"payload":{"local_timestamp":1707300219604,"message_id":46,"param":{"paramName":"hyp|hsv_s","paramValue":0.7,"source":"manual","step":null}},"type":"parameter_msg"}
{"payload":{"local_timestamp":1707300219604,"message_id":47,"param":{"paramName":"hyp|hsv_v","paramValue":0.4,"source":"manual","step":null}},"type":"parameter_msg"}
{"payload":{"local_timestamp":1707300219604,"message_id":48,"param":{"paramName":"hyp|iou_t","paramValue":0.2,"source":"manual","step":null}},"type":"parameter_msg"}
{"payload":{"local_timestamp":1707300219604,"message_id":49,"param":{"paramName":"hyp|lr0","paramValue":0.01,"source":"manual","step":null}},"type":"parameter_msg"}
{"payload":{"local_timestamp":1707300219604,"message_id":50,"param":{"paramName":"hyp|lrf","paramValue":0.01,"source":"manual","step":null}},"type":"parameter_msg"}
{"payload":{"local_timestamp":1707300219604,"message_id":51,"param":{"paramName":"hyp|mixup","paramValue":0.0,"source":"manual","step":null}},"type":"parameter_msg"}
{"payload":{"local_timestamp":1707300219604,"message_id":52,"param":{"paramName":"hyp|momentum","paramValue":0.937,"source":"manual","step":null}},"type":"parameter_msg"}
{"payload":{"local_timestamp":1707300219604,"message_id":53,"param":{"paramName":"hyp|mosaic","paramValue":1.0,"source":"manual","step":null}},"type":"parameter_msg"}
{"payload":{"local_timestamp":1707300219604,"message_id":54,"param":{"paramName":"hyp|obj","paramValue":1.0,"source":"manual","step":null}},"type":"parameter_msg"}
{"payload":{"local_timestamp":1707300219604,"message_id":55,"param":{"paramName":"hyp|obj_pw","paramValue":1.0,"source":"manual","step":null}},"type":"parameter_msg"}
{"payload":{"local_timestamp":1707300219604,"message_id":56,"param":{"paramName":"hyp|perspective","paramValue":0.0,"source":"manual","step":null}},"type":"parameter_msg"}
{"payload":{"local_timestamp":1707300219604,"message_id":57,"param":{"paramName":"hyp|scale","paramValue":0.5,"source":"manual","step":null}},"type":"parameter_msg"}
{"payload":{"local_timestamp":1707300219604,"message_id":58,"param":{"paramName":"hyp|shear","paramValue":0.0,"source":"manual","step":null}},"type":"parameter_msg"}
{"payload":{"local_timestamp":1707300219604,"message_id":59,"param":{"paramName":"hyp|translate","paramValue":0.1,"source":"manual","step":null}},"type":"parameter_msg"}
{"payload":{"local_timestamp":1707300219604,"message_id":60,"param":{"paramName":"hyp|warmup_bias_lr","paramValue":0.1,"source":"manual","step":null}},"type":"parameter_msg"}
{"payload":{"local_timestamp":1707300219604,"message_id":61,"param":{"paramName":"hyp|warmup_epochs","paramValue":3.0,"source":"manual","step":null}},"type":"parameter_msg"}
{"payload":{"local_timestamp":1707300219604,"message_id":62,"param":{"paramName":"hyp|warmup_momentum","paramValue":0.8,"source":"manual","step":null}},"type":"parameter_msg"}
{"payload":{"local_timestamp":1707300219604,"message_id":63,"param":{"paramName":"hyp|weight_decay","paramValue":0.0005,"source":"manual","step":null}},"type":"parameter_msg"}
{"payload":{"local_timestamp":1707300219604,"message_id":64,"param":{"paramName":"image_weights","paramValue":false,"source":"manual","step":null}},"type":"parameter_msg"}
{"payload":{"local_timestamp":1707300219605,"message_id":65,"param":{"paramName":"imgsz","paramValue":640,"source":"manual","step":null}},"type":"parameter_msg"}
{"payload":{"local_timestamp":1707300219605,"message_id":66,"param":{"paramName":"label_smoothing","paramValue":0.0,"source":"manual","step":null}},"type":"parameter_msg"}
{"payload":{"local_timestamp":1707300219605,"message_id":67,"param":{"paramName":"local_rank","paramValue":-1,"source":"manual","step":null}},"type":"parameter_msg"}
{"payload":{"local_timestamp":1707300219605,"message_id":68,"param":{"paramName":"multi_scale","paramValue":false,"source":"manual","step":null}},"type":"parameter_msg"}
{"payload":{"local_timestamp":1707300219605,"message_id":69,"param":{"paramName":"name","paramValue":"exp","source":"manual","step":null}},"type":"parameter_msg"}
{"payload":{"local_timestamp":1707300219605,"message_id":70,"param":{"paramName":"ndjson_console","paramValue":false,"source":"manual","step":null}},"type":"parameter_msg"}
{"payload":{"local_timestamp":1707300219605,"message_id":71,"param":{"paramName":"ndjson_file","paramValue":false,"source":"manual","step":null}},"type":"parameter_msg"}
{"payload":{"local_timestamp":1707300219605,"message_id":72,"param":{"paramName":"noautoanchor","paramValue":false,"source":"manual","step":null}},"type":"parameter_msg"}
{"payload":{"local_timestamp":1707300219605,"message_id":73,"param":{"paramName":"noplots","paramValue":false,"source":"manual","step":null}},"type":"parameter_msg"}
{"payload":{"local_timestamp":1707300219605,"message_id":74,"param":{"paramName":"nosave","paramValue":false,"source":"manual","step":null}},"type":"parameter_msg"}
{"payload":{"local_timestamp":1707300219605,"message_id":75,"param":{"paramName":"noval","paramValue":false,"source":"manual","step":null}},"type":"parameter_msg"}
{"payload":{"local_timestamp":1707300219605,"message_id":76,"param":{"paramName":"optimizer","paramValue":"SGD","source":"manual","step":null}},"type":"parameter_msg"}
{"payload":{"local_timestamp":1707300219605,"message_id":77,"param":{"paramName":"patience","paramValue":100,"source":"manual","step":null}},"type":"parameter_msg"}
{"payload":{"local_timestamp":1707300219605,"message_id":78,"param":{"paramName":"project","paramValue":"runs\\train","source":"manual","step":null}},"type":"parameter_msg"}
{"payload":{"local_timestamp":1707300219605,"message_id":79,"param":{"paramName":"quad","paramValue":false,"source":"manual","step":null}},"type":"parameter_msg"}
{"payload":{"local_timestamp":1707300219605,"message_id":80,"param":{"paramName":"rect","paramValue":false,"source":"manual","step":null}},"type":"parameter_msg"}
{"payload":{"local_timestamp":1707300219605,"message_id":81,"param":{"paramName":"resume","paramValue":false,"source":"manual","step":null}},"type":"parameter_msg"}
{"payload":{"local_timestamp":1707300219605,"message_id":82,"param":{"paramName":"resume_evolve","paramValue":null,"source":"manual","step":null}},"type":"parameter_msg"}
{"payload":{"local_timestamp":1707300219605,"message_id":83,"param":{"paramName":"save_dir","paramValue":"runs\\train\\exp5","source":"manual","step":null}},"type":"parameter_msg"}
{"payload":{"local_timestamp":1707300219605,"message_id":84,"param":{"paramName":"save_period","paramValue":-1,"source":"manual","step":null}},"type":"parameter_msg"}
{"payload":{"local_timestamp":1707300219605,"message_id":85,"param":{"paramName":"seed","paramValue":0,"source":"manual","step":null}},"type":"parameter_msg"}
{"payload":{"local_timestamp":1707300219605,"message_id":86,"param":{"paramName":"single_cls","paramValue":false,"source":"manual","step":null}},"type":"parameter_msg"}
{"payload":{"local_timestamp":1707300219605,"message_id":87,"param":{"paramName":"sync_bn","paramValue":false,"source":"manual","step":null}},"type":"parameter_msg"}
{"payload":{"local_timestamp":1707300219605,"message_id":88,"param":{"paramName":"upload_dataset","paramValue":false,"source":"manual","step":null}},"type":"parameter_msg"}
{"payload":{"local_timestamp":1707300219605,"message_id":89,"param":{"paramName":"workers","paramValue":8,"source":"manual","step":null}},"type":"parameter_msg"}
{"payload":{"local_timestamp":1707300219605,"message_id":90,"param":{"paramName":"anchor_t","paramValue":4.0,"source":"manual","step":null}},"type":"parameter_msg"}
{"payload":{"local_timestamp":1707300219605,"message_id":91,"param":{"paramName":"box","paramValue":0.05,"source":"manual","step":null}},"type":"parameter_msg"}
{"payload":{"local_timestamp":1707300219605,"message_id":92,"param":{"paramName":"cls","paramValue":0.5,"source":"manual","step":null}},"type":"parameter_msg"}
{"payload":{"local_timestamp":1707300219605,"message_id":93,"param":{"paramName":"cls_pw","paramValue":1.0,"source":"manual","step":null}},"type":"parameter_msg"}
{"payload":{"local_timestamp":1707300219605,"message_id":94,"param":{"paramName":"copy_paste","paramValue":0.0,"source":"manual","step":null}},"type":"parameter_msg"}
{"payload":{"local_timestamp":1707300219605,"message_id":95,"param":{"paramName":"degrees","paramValue":0.0,"source":"manual","step":null}},"type":"parameter_msg"}
{"payload":{"local_timestamp":1707300219605,"message_id":96,"param":{"paramName":"fl_gamma","paramValue":0.0,"source":"manual","step":null}},"type":"parameter_msg"}
{"payload":{"local_timestamp":1707300219605,"message_id":97,"param":{"paramName":"fliplr","paramValue":0.5,"source":"manual","step":null}},"type":"parameter_msg"}
{"payload":{"local_timestamp":1707300219605,"message_id":98,"param":{"paramName":"flipud","paramValue":0.0,"source":"manual","step":null}},"type":"parameter_msg"}
{"payload":{"local_timestamp":1707300219605,"message_id":99,"param":{"paramName":"hsv_h","paramValue":0.015,"source":"manual","step":null}},"type":"parameter_msg"}
{"payload":{"local_timestamp":1707300219605,"message_id":100,"param":{"paramName":"hsv_s","paramValue":0.7,"source":"manual","step":null}},"type":"parameter_msg"}
{"payload":{"local_timestamp":1707300219605,"message_id":101,"param":{"paramName":"hsv_v","paramValue":0.4,"source":"manual","step":null}},"type":"parameter_msg"}
{"payload":{"local_timestamp":1707300219605,"message_id":102,"param":{"paramName":"iou_t","paramValue":0.2,"source":"manual","step":null}},"type":"parameter_msg"}
{"payload":{"local_timestamp":1707300219605,"message_id":103,"param":{"paramName":"lr0","paramValue":0.01,"source":"manual","step":null}},"type":"parameter_msg"}
{"payload":{"local_timestamp":1707300219605,"message_id":104,"param":{"paramName":"lrf","paramValue":0.01,"source":"manual","step":null}},"type":"parameter_msg"}
{"payload":{"local_timestamp":1707300219605,"message_id":105,"param":{"paramName":"mixup","paramValue":0.0,"source":"manual","step":null}},"type":"parameter_msg"}
{"payload":{"local_timestamp":1707300219605,"message_id":106,"param":{"paramName":"momentum","paramValue":0.937,"source":"manual","step":null}},"type":"parameter_msg"}
{"payload":{"local_timestamp":1707300219605,"message_id":107,"param":{"paramName":"mosaic","paramValue":1.0,"source":"manual","step":null}},"type":"parameter_msg"}
{"payload":{"local_timestamp":1707300219605,"message_id":108,"param":{"paramName":"obj","paramValue":1.0,"source":"manual","step":null}},"type":"parameter_msg"}
{"payload":{"local_timestamp":1707300219605,"message_id":109,"param":{"paramName":"obj_pw","paramValue":1.0,"source":"manual","step":null}},"type":"parameter_msg"}
{"payload":{"local_timestamp":1707300219605,"message_id":110,"param":{"paramName":"perspective","paramValue":0.0,"source":"manual","step":null}},"type":"parameter_msg"}
{"payload":{"local_timestamp":1707300219605,"message_id":111,"param":{"paramName":"scale","paramValue":0.5,"source":"manual","step":null}},"type":"parameter_msg"}
{"payload":{"local_timestamp":1707300219605,"message_id":112,"param":{"paramName":"shear","paramValue":0.0,"source":"manual","step":null}},"type":"parameter_msg"}
{"payload":{"local_timestamp":1707300219605,"message_id":113,"param":{"paramName":"translate","paramValue":0.1,"source":"manual","step":null}},"type":"parameter_msg"}
{"payload":{"local_timestamp":1707300219605,"message_id":114,"param":{"paramName":"warmup_bias_lr","paramValue":0.1,"source":"manual","step":null}},"type":"parameter_msg"}
{"payload":{"local_timestamp":1707300219605,"message_id":115,"param":{"paramName":"warmup_epochs","paramValue":3.0,"source":"manual","step":null}},"type":"parameter_msg"}
{"payload":{"local_timestamp":1707300219605,"message_id":116,"param":{"paramName":"warmup_momentum","paramValue":0.8,"source":"manual","step":null}},"type":"parameter_msg"}
{"payload":{"local_timestamp":1707300219605,"message_id":117,"param":{"paramName":"weight_decay","paramValue":0.0005,"source":"manual","step":null}},"type":"parameter_msg"}
{"payload":{"additional_params":{"assetId":"3130e9fd0d744d6ca42b3a82e460ec95","context":null,"epoch":null,"extension":"json","fileName":"hyperparameters.json","overwrite":false,"runId":null,"step":null},"clean":true,"file_path":"tmpa639ffmv","local_timestamp":1707300219618,"message_id":118,"metadata":{"type":"hyp-config-file"},"upload_type":"asset"},"type":"file_upload"}
{"payload":{"additional_params":{"assetId":"81b2dba2a1a34c7abec1500297b89319","context":null,"extension":"yaml","fileName":"opt.yaml","overwrite":false,"runId":null,"step":null},"clean":true,"file_path":"tmp7q1t1lds","local_timestamp":1707300219615,"message_id":119,"metadata":{"type":"opt-config-file"},"upload_type":"asset"},"type":"file_upload"}
{"payload":{"local_timestamp":1707300219615,"message_id":120,"param":{"paramName":"val_conf_threshold","paramValue":0.001,"source":"manual","step":null}},"type":"parameter_msg"}
{"payload":{"local_timestamp":1707300219616,"message_id":121,"param":{"paramName":"val_iou_threshold","paramValue":0.6,"source":"manual","step":null}},"type":"parameter_msg"}
{"payload":{"local_timestamp":1707300219616,"log_other":{"key":"comet_mode","val":"online"},"message_id":122},"type":"ws_msg"}
{"payload":{"local_timestamp":1707300219616,"log_other":{"key":"comet_max_image_uploads","val":100},"message_id":123},"type":"ws_msg"}
{"payload":{"local_timestamp":1707300219616,"log_other":{"key":"comet_log_per_class_metrics","val":false},"message_id":124},"type":"ws_msg"}
{"payload":{"local_timestamp":1707300219616,"log_other":{"key":"comet_log_batch_metrics","val":false},"message_id":125},"type":"ws_msg"}
{"payload":{"local_timestamp":1707300219616,"log_other":{"key":"comet_log_confusion_matrix","val":true},"message_id":126},"type":"ws_msg"}
{"payload":{"local_timestamp":1707300219616,"log_other":{"key":"comet_model_name","val":"yolov5"},"message_id":127},"type":"ws_msg"}
{"payload":{"local_timestamp":1707300219654,"message_id":128,"stderr":true,"stdout":"Overriding model.yaml nc=80 with nc=14\n"},"type":"ws_msg"}
{"payload":{"local_timestamp":1707300219654,"message_id":129,"stderr":true,"stdout":"\n                 from  n    params  module                                  arguments                     \n"},"type":"ws_msg"}
{"payload":{"local_timestamp":1707300219656,"message_id":130,"stderr":true,"stdout":"  0                -1  1      3520  models.common.Conv                      [3, 32, 6, 2, 2]              \n"},"type":"ws_msg"}
{"payload":{"local_timestamp":1707300219656,"message_id":131,"stderr":true,"stdout":"  1                -1  1     18560  models.common.Conv                      [32, 64, 3, 2]                \n"},"type":"ws_msg"}
{"payload":{"local_timestamp":1707300219658,"message_id":132,"stderr":true,"stdout":"  2                -1  1     18816  models.common.C3                        [64, 64, 1]                   \n"},"type":"ws_msg"}
{"payload":{"local_timestamp":1707300219658,"message_id":133,"stderr":true,"stdout":"  3                -1  1     73984  models.common.Conv                      [64, 128, 3, 2]               \n"},"type":"ws_msg"}
{"payload":{"local_timestamp":1707300219661,"message_id":134,"stderr":true,"stdout":"  4                -1  2    115712  models.common.C3                        [128, 128, 2]                 \n"},"type":"ws_msg"}
{"payload":{"local_timestamp":1707300219663,"message_id":135,"stderr":true,"stdout":"  5                -1  1    295424  models.common.Conv                      [128, 256, 3, 2]              \n"},"type":"ws_msg"}
{"payload":{"local_timestamp":1707300219668,"message_id":136,"stderr":true,"stdout":"  6                -1  3    625152  models.common.C3                        [256, 256, 3]                 \n"},"type":"ws_msg"}
{"payload":{"local_timestamp":1707300219672,"message_id":137,"stderr":true,"stdout":"  7                -1  1   1180672  models.common.Conv                      [256, 512, 3, 2]              \n"},"type":"ws_msg"}
{"payload":{"local_timestamp":1707300219678,"message_id":138,"stderr":true,"stdout":"  8                -1  1   1182720  models.common.C3                        [512, 512, 1]                 \n"},"type":"ws_msg"}
{"payload":{"local_timestamp":1707300219681,"message_id":139,"stderr":true,"stdout":"  9                -1  1    656896  models.common.SPPF                      [512, 512, 5]                 \n"},"type":"ws_msg"}
{"payload":{"local_timestamp":1707300219682,"message_id":140,"stderr":true,"stdout":" 10                -1  1    131584  models.common.Conv                      [512, 256, 1, 1]              \n"},"type":"ws_msg"}
{"payload":{"local_timestamp":1707300219682,"message_id":141,"stderr":true,"stdout":" 11                -1  1         0  torch.nn.modules.upsampling.Upsample    [None, 2, 'nearest']          \n"},"type":"ws_msg"}
{"payload":{"local_timestamp":1707300219682,"message_id":142,"stderr":true,"stdout":" 12           [-1, 6]  1         0  models.common.Concat                    [1]                           \n"},"type":"ws_msg"}
{"payload":{"local_timestamp":1707300219686,"message_id":143,"stderr":true,"stdout":" 13                -1  1    361984  models.common.C3                        [512, 256, 1, False]          \n"},"type":"ws_msg"}
{"payload":{"local_timestamp":1707300219687,"message_id":144,"stderr":true,"stdout":" 14                -1  1     33024  models.common.Conv                      [256, 128, 1, 1]              \n"},"type":"ws_msg"}
{"payload":{"local_timestamp":1707300219688,"message_id":145,"stderr":true,"stdout":" 15                -1  1         0  torch.nn.modules.upsampling.Upsample    [None, 2, 'nearest']          \n"},"type":"ws_msg"}
{"payload":{"local_timestamp":1707300219688,"message_id":146,"stderr":true,"stdout":" 16           [-1, 4]  1         0  models.common.Concat                    [1]                           \n"},"type":"ws_msg"}
{"payload":{"local_timestamp":1707300219692,"message_id":147,"stderr":true,"stdout":" 17                -1  1     90880  models.common.C3                        [256, 128, 1, False]          \n"},"type":"ws_msg"}
{"payload":{"local_timestamp":1707300219694,"message_id":148,"stderr":true,"stdout":" 18                -1  1    147712  models.common.Conv                      [128, 128, 3, 2]              \n"},"type":"ws_msg"}
{"payload":{"local_timestamp":1707300219695,"message_id":149,"stderr":true,"stdout":" 19          [-1, 14]  1         0  models.common.Concat                    [1]                           \n"},"type":"ws_msg"}
{"payload":{"local_timestamp":1707300219699,"message_id":150,"stderr":true,"stdout":" 20                -1  1    296448  models.common.C3                        [256, 256, 1, False]          \n"},"type":"ws_msg"}
{"payload":{"local_timestamp":1707300219870,"message_id":151,"metric":{"epoch":null,"metricName":"sys.cpu.percent.avg","metricValue":0.0,"step":null}},"type":"metric_msg"}
{"payload":{"local_timestamp":1707300219870,"message_id":152,"metric":{"epoch":null,"metricName":"sys.ram.total","metricValue":16831733760,"step":null}},"type":"metric_msg"}
{"payload":{"local_timestamp":1707300219870,"message_id":153,"metric":{"epoch":null,"metricName":"sys.ram.used","metricValue":11553120256,"step":null}},"type":"metric_msg"}
{"payload":{"local_timestamp":1707300219870,"message_id":154,"metric":{"epoch":null,"metricName":"sys.ram.available","metricValue":5278613504,"step":null}},"type":"metric_msg"}
{"payload":{"local_timestamp":1707300219870,"message_id":155,"metric":{"epoch":null,"metricName":"sys.ram.percent.used","metricValue":68.6,"step":null}},"type":"metric_msg"}
{"payload":{"local_timestamp":1707300219870,"message_id":156,"metric":{"epoch":null,"metricName":"sys.load.avg","metricValue":0.0,"step":null}},"type":"metric_msg"}
{"payload":{"local_timestamp":1707300219871,"message_id":157,"stderr":true,"stdout":" 21                -1  1    590336  models.common.Conv                      [256, 256, 3, 2]              \n"},"type":"ws_msg"}
{"payload":{"local_timestamp":1707300219871,"message_id":158,"stderr":true,"stdout":" 22          [-1, 10]  1         0  models.common.Concat                    [1]                           \n"},"type":"ws_msg"}
{"payload":{"local_timestamp":1707300219878,"message_id":159,"stderr":true,"stdout":" 23                -1  1   1182720  models.common.C3                        [512, 512, 1, False]          \n"},"type":"ws_msg"}
{"payload":{"local_timestamp":1707300219879,"message_id":160,"stderr":true,"stdout":" 24      [17, 20, 23]  1     51243  models.yolo.Detect                      [14, [[10, 13, 16, 30, 33, 23], [30, 61, 62, 45, 59, 119], [116, 90, 156, 198, 373, 326]], [128, 256, 512]]\n"},"type":"ws_msg"}
{"payload":{"local_timestamp":1707300220056,"message_id":161,"stderr":true,"stdout":"Model summary: 214 layers, 7057387 parameters, 7057387 gradients, 16.1 GFLOPs\n"},"type":"ws_msg"}
{"payload":{"local_timestamp":1707300220056,"message_id":162,"stderr":true,"stdout":"\n"},"type":"ws_msg"}
{"payload":{"git_meta":{"branch":"refs/heads/master","origin":"https://github.com/ultralytics/yolov5.git","parent":"875d92782e06dd16e2183b410ed9db18adf92e2e","repo_name":"yolov5","root":"1e84a23f38fad9e52b59101e9f1246d93066ed1e","status":null,"user":"faturrahmanalharitszoe"},"local_timestamp":1707300220126,"message_id":163},"type":"ws_msg"}
{"payload":{"local_timestamp":1707300220173,"message_id":164,"stderr":true,"stdout":"Transferred 343/349 items from yolov5s.pt\n"},"type":"ws_msg"}
